topic,rank,term
1,1,model
1,2,based
1,3,learning
1,4,data
1,5,approach
1,6,neural
1,7,using
1,8,models
1,9,performance
1,10,state
1,11,language
1,12,present
1,13,systems
1,14,program
1,15,existing
1,16,new
1,17,method
1,18,level
1,19,demonstrate
1,20,state art
2,1,algorithm
2,2,problem
2,3,algorithms
2,4,time
2,5,data
2,6,problems
2,7,results
2,8,matrix
2,9,model
2,10,log
2,11,number
2,12,optimal
2,13,distribution
2,14,given
2,15,set
2,16,provide
2,17,prove
2,18,method
2,19,linear
2,20,bounds
3,1,data
3,2,learning
3,3,model
3,4,models
3,5,training
3,6,new
3,7,performance
3,8,information
3,9,approach
3,10,tasks
3,11,methods
3,12,paper
3,13,demonstrate
3,14,using
3,15,work
3,16,inference
3,17,state
3,18,task
3,19,propose
3,20,datasets
4,1,quantum
4,2,high
4,3,spin
4,4,energy
4,5,design
4,6,optical
4,7,state
4,8,devices
4,9,qubit
4,10,single
4,11,based
4,12,field
4,13,using
4,14,materials
4,15,magnetic
4,16,systems
4,17,noise
4,18,applications
4,19,superconducting
4,20,large
5,1,data
5,2,lower
5,3,circuits
5,4,time
5,5,bounds
5,6,circuit
5,7,lower bounds
5,8,set
5,9,number
5,10,paper
5,11,functions
5,12,model
5,13,graph
5,14,based
5,15,size
5,16,new
5,17,structure
5,18,large
5,19,systems
5,20,approach
6,1,model
6,2,neural
6,3,learning
6,4,networks
6,5,image
6,6,models
6,7,training
6,8,network
6,9,data
6,10,images
6,11,performance
6,12,deep
6,13,accuracy
6,14,based
6,15,tasks
6,16,neural networks
6,17,using
6,18,task
6,19,propose
6,20,demonstrate
7,1,channel
7,2,network
7,3,communication
7,4,problem
7,5,capacity
7,6,networks
7,7,optimal
7,8,information
7,9,cost
7,10,codes
7,11,algorithm
7,12,paper
7,13,systems
7,14,problems
7,15,coding
7,16,time
7,17,based
7,18,algorithms
7,19,state
7,20,policy
8,1,graph
8,2,time
8,3,algorithm
8,4,algorithms
8,5,graphs
8,6,problem
8,7,model
8,8,log
8,9,new
8,10,number
8,11,approximation
8,12,paper
8,13,random
8,14,bound
8,15,edges
8,16,parallel
8,17,edge
8,18,complexity
8,19,problems
8,20,given
